"substudy_num","alpha_old","beta_old","alpha_var_old","beta_var_old","alpha","beta","alpha_variance","beta_variance","alpha_diff","beta_diff","alpha_var_diff","beta_var_diff","alpha_pct_change","beta_pct_change","alpha_var_pct_change","beta_var_pct_change"
1,0.000166666666667333,3.34361414141414e-06,3.82454662866597e-09,3.49372135195726e-13,0.000166666666667333,3.34361414141414e-06,4.84044182690537e-09,4.15781714613096e-13,0,0,1.0158951982394e-09,6.640957941737e-14,0,0,26.5624930547342,18.9540128184771
5,0.00909090909090973,0.00124242424242424,1.03747467140868e-05,1.34456717414576e-06,0.00909090909090973,0.00124242424242424,1.39602591784752e-05,2.02318516657239e-06,0,0,3.5855124643884e-06,6.7861799242663e-07,0,0,34.5599999966689,50.4711110735738
6,0.00849090909090909,-0.000548484848484848,5.3890306122449e-06,5.14630994355352e-07,0.00849090909090909,-0.000548484848484848,7.9177676580274e-06,8.8362325309052e-07,0,0,2.5287370457825e-06,3.68992258735168e-07,0,0,46.9237832787123,71.7003565788686
7,1e-15,0.0136727272727273,NA,9.80189469952258e-06,1e-15,0.0136727272727273,2.24798351841354e-05,1.41147283673125e-05,0,0,NA,4.31283366778992e-06,0,0,NA,43.9999999955109
8,0.00170707070707071,0.000311111111111111,9.56136657170318e-08,1.85108056828173e-08,0.00170707070707071,0.000311111111111111,1.08787104104712e-07,2.51952632905014e-08,0,0,1.31734383876802e-08,6.6844576076841e-09,0,0,13.7777776336796,36.1111091602991
9,0.00202020202020262,0.0392929292929293,2.39034164292484e-08,1.23715119656678e-05,0.00202020202020262,0.0392929292929293,2.39034164292484e-08,1.35778045156082e-05,0,0,0,1.2062925499404e-06,0,0,0,9.75056689263591
10,0.000972727272727273,-4.87272727272729e-06,3.58700642791552e-08,1.70405065382537e-09,0.000972727272727273,-4.87272727272729e-06,4.68506962013455e-08,2.45383294150853e-09,0,0,1.09806319221903e-08,7.4978228768316e-10,0,0,30.6122440445386,43.9999741791863
11,0.000464646464647232,0.000142166666666667,4.91082410862819e-08,3.17929995689736e-09,0.000464646464647232,0.000142166666666667,6.11927460588391e-08,4.68784534460886e-09,0,0,1.20845049725572e-08,1.5085453877115e-09,0,0,24.6078956589915,47.4489646674931
12,1e-15,0.00109036363636364,NA,6.60151509056144e-08,1e-15,0.00109036363636364,2.65593515880511e-07,9.27291008605613e-08,0,0,NA,2.67139499549469e-08,0,0,NA,40.4663917052578
13,0.00357575757575758,-0.000303363636363636,1.21011045673118e-07,1.62515193609068e-08,0.00357575757575758,-0.000303363636363636,1.49396352682862e-07,2.40854275594535e-08,0,0,2.8385307009744e-08,7.8339081985467e-09,0,0,23.4567899296169,48.2041558240375
14,0.000363636363637182,0.000191885858585859,4.24949625408605e-08,3.00301627710313e-09,0.000363636363637182,0.000191885858585859,5.14189046744412e-08,3.92230697417552e-09,0,0,8.9239421335807e-09,9.1929069707239e-10,0,0,20.9999995058238,30.6122347041302
15,0.000101010101011,2.24545454545455e-06,NA,1.78851337577815e-12,0.000101010101011,2.24545454545455e-06,1.52981865146945e-08,2.57545926112054e-12,0,0,NA,7.8694588534239e-13,0,0,NA,43.9754123100754
16,0.0010010011,0,1.02246605555079e-06,9.72735789772082e-11,0.0010010011,0,1.02246605555079e-06,9.72735789772082e-11,0,0,0,0,0,0,0,0
17,1e-15,0.000284747474747475,NA,4.22325827065645e-09,0.00227272727272736,-2.02020202020314e-05,7.32042128145439e-08,2.70931945549851e-07,0.00227272727272636,-0.000304949494949506,NA,2.66708687279195e-07,113636363636318,-107.094714437372,NA,6315.23357167078
18,0.0062020202020202,-5.65656565656566e-05,7.01332877872324e-07,3.07026104358024e-08,0.0062020202020202,-5.65656565656566e-05,8.79751962003043e-07,6.01771164541728e-08,0,0,1.78419084130719e-07,2.94745060183704e-08,0,0,25.4399999637262,95.9999968732305
19,0.00103030303030369,1.47878787878788e-05,4.68506962013143e-08,5.01183888408908e-10,0.00103030303030369,1.47878787878788e-05,5.37826869657945e-08,6.82166959223236e-10,0,0,6.9319907644802e-09,1.80983070814328e-10,0,0,14.795918051537,36.1110390596348
20,0.00456565656565657,-0.000188313131313131,1.12213260459572e-07,1.17346144650898e-09,0.00456565656565657,-0.000188313131313131,1.49396352682862e-07,1.96524339138528e-09,0,0,3.718309222329e-08,7.917819448763e-10,0,0,33.1360943792604,67.4739909429425
27,0.000560606060606687,4.64343434343434e-06,1.52981865147047e-08,3.2842689284568e-12,0.000560606060606687,4.64343434343434e-06,1.72702183701158e-08,3.80897461525167e-12,0,0,1.9720318554111e-09,5.2470568679487e-13,0,0,12.8906241573753,15.9714683400772
28,0.000424242424243141,1.73836363636364e-05,2.89231338793635e-08,9.13314186218705e-12,0.000424242424243141,1.73836363636364e-05,3.44209196580855e-08,1.21104286951314e-11,0,0,5.497785778722e-09,2.97728683294435e-12,0,0,19.0082638056106,32.5951455305236
30,1e-15,0.00606060606060606,NA,9.56136657170316e-08,1e-15,0.00606060606060606,7.32042128145439e-08,9.56136657170316e-08,0,0,NA,0,0,0,NA,0
49,1e-15,0.0190909090909091,NA,4.84044182692473e-07,1e-15,0.0190909090909091,1.65995947418763e-12,5.9758541073145e-07,0,0,NA,1.13541228038977e-07,0,0,NA,23.4567900749972
52,0.00606060606060686,0.00515317171717172,3.7349088170713e-06,1.17111124125193e-06,0.00606060606060686,0.00515317171717172,4.03967737654432e-06,1.52961468245151e-06,0,0,3.0476855947302e-07,3.5850344119958e-07,0,0,8.15999999781526,30.6122448718205
53,0.00757575757575827,0.002627,2.3903416429256e-06,5.58298690649729e-07,0.00757575757575827,0.002627,2.80533151148907e-06,7.67411755518534e-07,0,0,4.1498986856347e-07,2.09113064868805e-07,0,0,17.361111103848,37.4554101588331
54,1e-10,0.0288288288288288,0.000180071659873474,874743467382.052,1e-10,0.0288288288288288,0.000180071659873474,874743467382.052,0,0,0,0,0,0,0,0
55,1e-15,0.0109698593232323,NA,1.5965162565344e-06,1e-15,0.0109698593232323,2.89231338793443e-08,2.14048162925942e-06,0,0,NA,5.4396537272502e-07,0,0,NA,34.0720221393235
57,0.0024242424242433,0.023,NA,2.34928154935444e-05,0.0024242424242433,0.023,2.65593515880617e-05,3.14972927946689e-05,0,0,NA,8.0044773011245e-06,0,0,NA,34.0720221592143
58,0.0106060606060613,6.70475757575755e-05,3.44209196581291e-06,6.30061176755582e-07,0.0106060606060613,6.70475757575755e-05,4.03967737654432e-06,8.63569869866069e-07,0,0,5.9758541073141e-07,2.33508693110487e-07,0,0,17.3611111060674,37.0612729929333
59,0.0142424242424248,0.00234634001010101,6.90808734805509e-06,2.00223211730173e-06,0.0142424242424248,0.00234634001010101,7.74470692307906e-06,2.82346013416377e-06,0,0,8.3661957502397e-07,8.2122801686204e-07,0,0,12.1107266418455,41.0156249795152
60,0.00161616161616245,0.0075803903030303,NA,2.38981962081494e-06,0.00161616161616245,0.0075803903030303,7.46052186108579e-06,3.25281003944256e-06,0,0,NA,8.6299041862762e-07,0,0,NA,36.1111110960008
61,1e-15,0.00889939393939394,NA,2.63300964707891e-06,1e-15,0.00889939393939394,5.9758541073105e-07,3.98846431746865e-06,0,0,NA,1.35545467038974e-06,0,0,NA,51.4792899212771
62,0.00222727272727273,-0.000117434848484848,7.11276035123106e-08,5.39391289078739e-08,0.00222727272727273,-0.000117434848484848,7.74470692307957e-08,6.33035610099353e-08,0,0,6.31946571848511e-09,9.3644321020614e-09,0,0,8.88468796582535,17.3611107892462
63,1e-15,0.0129159794444444,NA,5.44913093833654e-06,1e-15,0.0129159794444444,9.0899380810114e-07,7.30576003921021e-06,0,0,NA,1.85662910087367e-06,0,0,NA,34.0720221544121
64,1e-15,0.00189621818181818,NA,5.90530942685727e-07,1e-15,0.00189621818181818,5.86696076580225e-06,9.97997293138878e-07,0,0,NA,4.07466350453151e-07,0,0,NA,68.9999998831559
65,0.00565656565656637,0.00160579924242424,NA,7.67720035500398e-08,0.00565656565656637,0.00160579924242424,1.45439009296226e-05,1.04495227054221e-07,0,0,NA,2.77232235041812e-08,0,0,NA,36.1111106407431
68,0.00909090909090964,0.0145959595959596,3.83517036931611e-06,1.19932072014853e-06,0.00909090909090964,0.0145959595959596,3.83517036931611e-06,1.34456717414576e-06,0,0,0,1.4524645399723e-07,0,0,0,12.1107266335009
69,1e-15,0.717171717171717,NA,0.0127090647247574,1e-15,0.717171717171717,1.17126740503317e-06,0.0165995947425402,0,0,NA,0.0038905300177828,0,0,NA,30.6122448979562
70,0.00373737373737436,0.321212121212121,8.13380142384309e-07,0.00110493542444245,0.00373737373737436,0.321212121212121,8.60522991453114e-07,0.00137683678632526,0,0,4.7142849068805e-08,0.00027190136188281,0,0,5.79591836022123,24.6078961600643
71,0.00686868686868753,0.180808080808081,6.79919400654379e-07,0.000223364146855621,0.00686868686868753,0.180808080808081,6.7991940065438e-07,0.000271967760261779,0,0,9.52912065661088e-22,4.8603613406158e-05,0,0,1.40150738946773e-13,21.7598097502
72,0.00767676767676829,0.000169494949494949,7.46052186108654e-06,2.36412019268831e-08,0.00767676767676829,0.000169494949494949,9.56136657170222e-06,3.74886549073756e-08,0,0,2.10084471061568e-06,1.38474529804925e-08,0,0,28.159487358276,58.5733857254199
73,1e-15,0.00096969696969697,NA,7.37630215720153e-08,1e-15,0.00096969696969697,7.7447069230788e-06,1.10836423673247e-07,0,0,NA,3.70734021012317e-08,0,0,NA,50.2601450002089
74,0.0216161616161616,-0.00451484529292929,3.58700642791552e-06,2.44094378435255e-05,0.0216161616161616,-0.00451484529292929,3.93675988914084e-06,3.01351084487969e-05,0,0,3.4975346122532e-07,5.7256706052714e-06,0,0,9.75056689070566,23.4567901224958
75,0.827272727272727,0.111943434343434,0.000611927460589003,0.00151932822709614,0.827272727272727,0.111943434343434,0.000611927460589003,0.00163844715614362,0,0,0,0.00011911892904748,0,0,0,7.84023668638548
76,0.0160909090909091,0.00171616161616162,1.07836943301649e-06,3.08020227527803e-06,0.0160909090909091,0.00171616161616162,1.14906378710602e-06,3.46891584854302e-06,0,0,7.069435408953e-08,3.8871357326499e-07,0,0,6.55567116977918,12.6197417701636
77,1e-15,0.0312121212121212,NA,9.3372720426789e-07,1e-15,0.0312121212121212,3.9163357475738e-10,1.00991934413615e-06,0,0,NA,7.61921398682601e-08,0,0,NA,8.15999999126086
80,1e-15,0.00010044603030303,NA,6.0486160141929e-10,1e-15,0.00010044603030303,4.46462700195183e-06,8.44806699502976e-10,0,0,NA,2.39945098083686e-10,0,0,NA,39.6693559034172
87,0.00298989898989962,3.96969696969697e-05,1.87402784805335e-07,2.03345035596118e-11,0.00298989898989962,3.96969696969697e-05,2.05675618697919e-07,2.39698148082281e-11,0,0,1.8272833892584e-08,3.6353112486163e-12,0,0,9.7505668413942,17.8766718904191
90,1e-15,0.00358573866666667,NA,5.38942428823381e-07,1e-15,0.00358573866666667,1.96432964345305e-05,7.62156714537667e-07,0,0,NA,2.23214285714286e-07,0,0,NA,41.4170926915953
91,0.00575757575757576,-8.28282828282828e-05,2.27248452025376e-07,7.6756526089506e-11,0.00575757575757576,-8.28282828282828e-05,5.97585410731449e-07,1.96496706789135e-10,0,0,3.70336958706073e-07,1.19740180699629e-10,0,0,162.965667653948,155.997967626004
92,0.0615151515151515,-0.000733463636363636,0.000117126740503364,5.53214291167038e-06,0.0615151515151515,-0.000733463636363636,0.000152981865147251,1.21418774467388e-05,0,0,3.5855124643887e-05,6.60973453506842e-06,0,0,30.6122448976979,119.478737975659
93,0.00746464646464646,-0.000346022424242424,3.07026104358024e-06,3.16856145330392e-08,0.00746464646464646,-0.000346022424242424,5.59555075192499e-06,7.56788644632094e-08,0,0,2.52528970834475e-06,4.39932499301702e-08,0,0,82.2499999732108,138.842970824719
94,0.00252525252525327,0.000193282828282828,1.86513046527145e-06,4.22138996966859e-08,0.00252525252525327,0.000193282828282828,2.89231338793963e-06,7.70889329742255e-08,0,0,1.02718292266818e-06,3.48750332775396e-08,0,0,55.0729796785532,82.6150455228544
95,0.002222222222223,7.80679090909091e-05,1.34456717414549e-06,2.23338630156183e-08,0.002222222222223,7.80679090909091e-05,2.08225316450383e-06,3.97046453610991e-08,0,0,7.3768599035834e-07,1.73707823454808e-08,0,0,54.8641974900598,77.777774295273
96,0.0043939393939401,0.000708754747474747,1.72702183701366e-06,1.57474616618549e-07,0.0043939393939401,0.000708754747474747,2.15728333274024e-06,2.70384478474655e-07,0,0,4.3026149572658e-07,1.12909861856106e-07,0,0,24.9134947952625,71.700356262879
97,1e-15,0.124949494949495,NA,0.00258732969771931,1e-15,0.124949494949495,0.00034420919658131,0.00493411400404068,0,0,NA,0.00234678430632137,0,0,NA,90.7029478457699
98,0.00121212121212217,0.0126666666666667,NA,6.11927460589003e-06,0.00121212121212217,0.0126666666666667,2.76323493922203e-05,8.81175543248165e-06,0,0,NA,2.69248082659162e-06,0,0,NA,43.9999999928097
99,0.0409090909090916,0.142848484848485,0.000204523606822835,0.00111317349788063,0.0409090909090916,0.142848484848485,0.000239034164292576,0.00168622731039906,0,0,3.4510557469741e-05,0.00057305381251843,0,0,16.8736303870616,51.4792899407821
101,1e-15,0.0239393939393939,NA,5.37826869658303e-06,1e-15,0.0239393939393939,1.05414066453006e-05,6.11927460589002e-06,0,0,NA,7.4100590930699e-07,0,0,NA,13.7777777752159
102,0.00560606060606123,3.06060606060606e-06,1.00991934413601e-06,2.41430481789612e-12,0.00560606060606123,3.06060606060606e-06,1.17126740503348e-06,4.29209745403756e-12,0,0,1.6134806089747e-07,1.87779263614144e-12,0,0,15.9763313451274,77.7455757231136
103,0.010303030303031,2.71254545454545e-05,7.32042128145975e-06,4.84567091557064e-11,0.010303030303031,2.71254545454545e-05,8.62913333096154e-06,5.98230977230943e-11,0,0,1.30871204950179e-06,1.13663885673879e-11,0,0,17.8775510179661,23.4563060562044
109,0.00509090909090909,-0.000275267595959596,2.06740648696652e-06,1.11279284033878e-06,0.00509090909090909,-0.000275267595959596,2.94513993824887e-06,1.80254046864794e-06,0,0,8.7773345128235e-07,6.8974762830916e-07,0,0,42.4557752135953,61.9834710186792
110,1e-15,0.0113939393939394,NA,1.16219008264463e-05,1e-15,0.0113939393939394,1.15692535517601e-05,1.84292419140904e-05,0,0,NA,6.8073410876441e-06,0,0,NA,58.5733881979777
111,0.0309090909090909,-0.00658532444444444,1.43480257116621e-05,1.36359043388763e-05,0.0309090909090909,-0.00658532444444444,1.87402784805382e-05,2.53560204648526e-05,0,0,4.3922527688761e-06,1.17201161259763e-05,0,0,30.6122448958253,85.9504132168371
112,1e-15,0.0464484848484849,NA,0.000258323947524076,1e-15,0.0464484848484849,6.58837915331404e-05,0.000441749235706851,0,0,NA,0.000183425288182775,0,0,NA,71.0059171594881
113,0.0212121212121219,0.00520234854545454,1.21011045673115e-05,1.77913391206102e-05,0.0212121212121219,0.00520234854545454,1.49396352682858e-05,2.56195283336786e-05,0,0,2.8385307009743e-06,7.8281892130684e-06,0,0,23.4567901215184,43.9999999975264
114,1e-15,0.033110101010101,NA,4.96166465686741e-05,1e-15,0.033110101010101,1.91891315223757e-05,6.75337689406954e-05,0,0,NA,1.79171223720213e-05,0,0,NA,36.1111111103835
115,0.0567878787878788,-0.000202646808080808,7.44266335307947e-05,2.46710849043498e-09,0.0567878787878788,-0.000202646808080808,0.000118020834515224,4.21890150139473e-09,0,0,4.35942009844293e-05,1.75179301095975e-09,0,0,58.5733882022301,71.0058883787476
116,1e-15,0.00263138181818182,NA,1.1723932695638e-07,1e-15,0.00263138181818182,0.00145439009296238,1.46447740592571e-07,0,0,NA,2.9208413636191e-08,0,0,NA,24.9134945971869
117,1e-15,0.000271313131313131,NA,2.12984818653385e-09,1e-15,0.000271313131313131,6.38088421903221e-05,2.62944220559734e-09,0,0,NA,4.9959401906349e-10,0,0,NA,23.4567791100992
118,1e-15,0.000405555555555556,NA,3.12663326732591e-09,1e-15,0.000405555555555556,4.48853041838279e-05,3.98556269768391e-09,0,0,NA,8.58929430358e-10,0,0,NA,27.471375188778
119,0.207070707070708,0.000727090909090909,0.00103747467140876,1.55439365828976e-08,0.207070707070708,0.000727090909090909,0.00112213260459572,1.70595585172845e-08,0,0,8.46579331869599e-05,1.5156219343869e-09,0,0,8.15999999999263,9.75056626613375
121,0.126262626262627,0.000640909090909091,0.000568121130063435,3.92075787980903e-09,0.126262626262627,0.000640909090909091,0.000599245370205698,3.92075787980903e-09,0,0,3.11242401422631e-05,0,0,0,5.47845142438779,0
139,1e-15,0.019761027030303,NA,1.40201739422779e-05,1e-15,0.019761027030303,8.78118561880308e-06,2.01890504768802e-05,0,0,NA,6.1688765346023e-06,0,0,NA,43.9999999968618
140,0.00969696969697037,0.010417412,8.62913333096154e-06,6.43330637229543e-06,0.00969696969697037,0.010417412,9.56136657170254e-06,9.26396117610542e-06,0,0,9.32233240741e-07,2.83065480380999e-06,0,0,10.8033240984711,43.9999999931606
141,0.0153030303030303,-0.00051231094949495,2.45450903636256e-06,7.34284817092515e-07,0.0153030303030303,-0.00051231094949495,2.99844455688612e-06,1.02152969951858e-06,0,0,5.4393552052356e-07,2.87244882426065e-07,0,0,22.1606648109161,39.1190006041871
142,0.00939393939394008,0.0229726618888889,1.0541406645302e-05,4.07020433731131e-05,0.00939393939394008,0.0229726618888889,1.26449072910766e-05,5.8610942457283e-05,0,0,2.1035006457746e-06,1.79088990841699e-05,0,0,19.9546485241846,43.9999999989193
143,0.0121212121212129,0.00256762585858586,3.25352056953776e-06,1.36269781063467e-06,0.0121212121212129,0.00256762585858586,3.25352056953776e-06,1.77985020164528e-06,0,0,0,4.1715239101061e-07,0,0,0,30.6122448754945
144,0.0123232323232327,0.00212121212121212,1.65995947425386e-06,4.14989868563506e-07,0.0123232323232327,0.00212121212121212,1.79541216735297e-06,5.20563291126062e-07,0,0,1.3545269309911e-07,1.05573422562556e-07,0,0,8.15999999508392,25.4399999386973
163,0.04,-0.000920034,3.92075787980903e-05,4.55716082997508e-06,0.04,-0.000920034,4.84044182692473e-05,7.90522366460876e-06,0,0,9.196839471157e-06,3.34806283463368e-06,0,0,23.4567901228586,73.4681736900057
164,0.0500909090909091,-0.00275176545454545,2.37432701790198e-05,3.77555952750819e-07,0.0500909090909091,-0.00275176545454545,3.20200605119768e-05,6.32308239208985e-07,0,0,8.276790332957e-06,2.54752286458166e-07,0,0,34.8595213304779,67.4740482641941
165,1e-15,0.0084427036060606,NA,3.99431309262787e-06,1e-15,0.0084427036060606,6.79919400654434e-05,5.75181085338413e-06,0,0,NA,1.75749776075626e-06,0,0,NA,43.9999999889843
166,1e-15,0.00291414141414141,NA,5.15370672297079e-07,1e-15,0.00291414141414141,6.79919400654434e-05,6.7313720463292e-07,0,0,NA,1.57766532335841e-07,0,0,NA,30.6122448385608
167,0.024242424242425,0.00536011480808081,9.58792592329105e-05,4.43093387492738e-06,0.024242424242425,0.00536011480808081,0.000117126740503362,6.79208911440116e-06,0,0,2.12474812704515e-05,2.36115523947378e-06,0,0,22.1606648197139,53.2879818473842
168,0.040404040404041,0.00100392568686869,9.08993808101485e-05,4.54116510393567e-07,0.040404040404041,0.00100392568686869,0.000106237406352255,7.50682394732223e-07,0,0,1.53380255421065e-05,2.96565884338656e-07,0,0,16.8736303869579,65.3061223051704
170,0.00146464646464717,0.000247861616161616,3.73490881707006e-08,3.50908476438572e-09,0.00146464646464717,0.000247861616161616,4.2494962540886e-08,4.17610087662433e-09,0,0,5.1458743701854e-09,6.6701611223861e-10,0,0,13.7777774088858,19.0082590459391
171,0.00131313131313205,0.000596989898989899,7.32042128145732e-08,1.34743711393592e-08,0.00131313131313205,0.000596989898989899,8.03420385538626e-08,1.83401162730167e-08,0,0,7.1378257392894e-09,4.8657451336575e-09,0,0,9.75056676022717,36.1111084311265
172,0.0142424242424248,0.00186281175757576,1.0045410754395e-05,7.03410251333313e-07,0.0142424242424248,0.00186281175757576,1.15692535517601e-05,1.01291076191997e-06,0,0,1.5238427973651e-06,3.09500510586657e-07,0,0,15.1695419378118,43.9999999374475
173,0.0126262626262634,0.00104565481818182,1.12213260459567e-05,8.27040065575982e-07,0.0126262626262634,0.00104565481818182,1.3014082278151e-05,1.21511855364699e-06,0,0,1.7927562321943e-06,3.88078488071008e-07,0,0,15.9763313595233,46.9237832306827
174,0.0345454545454545,-0.00262258133333333,1.21011045673118e-05,1.64146266430958e-06,0.0345454545454545,-0.00262258133333333,1.49396352682862e-05,2.56478541298373e-06,0,0,2.8385307009744e-06,9.2332274867415e-07,0,0,23.4567901215186,56.2499999657325
175,1e-15,0.0184126467878788,NA,5.70685571134361e-05,1e-15,0.0184126467878788,3.21368154215566e-05,9.6445861521707e-05,0,0,NA,3.93773044082709e-05,0,0,NA,68.9999999987909
185,0.00191919191919254,0.0035050505050505,1.59522105475748e-07,4.37793727837018e-06,0.00191919191919254,0.0035050505050505,1.91891315223688e-07,6.74650025299376e-06,0,0,3.236920974794e-08,2.36856297462358e-06,0,0,20.2913630361702,54.102259202862
186,1e-15,0.402285856565657,NA,0.775529836927762,1e-15,0.402285856565657,1.59522105475799e-05,2.5637349981083,0,0,NA,1.78820516118054,0,0,NA,230.578512396693
187,1e-15,0.0232323232323232,NA,9.58792592329124e-05,1e-15,0.0232323232323232,2.39698148082185e-07,0.000174739949951983,0,0,NA,7.88606907190706e-05,0,0,NA,82.2499999991423
188,0.00681818181818255,0.00977777777777778,1.83010532036491e-06,0.000171013174936335,0.00681818181818255,0.00977777777777778,2.3903416429256e-06,0.000437793727837018,0,0,5.6023632256069e-07,0.000266780552900683,0,0,30.6122448812323,155.999999999088
189,1e-15,0.00490909090909091,NA,9.04086967895608e-07,1e-15,0.00490909090909091,1.52981865147047e-08,1.23915310769273e-06,0,0,NA,3.35066139797122e-07,0,0,NA,37.0612730107618
190,0.00343434343434426,0.0909081212121212,4.24949625408988e-06,0.0134456807052402,0.00343434343434426,0.0909081212121212,5.61995879603386e-06,0.034420942605415,0,0,1.37046254194398e-06,0.0209752619001748,0,0,32.2499999924107,155.999999999989
191,0.0105555555555556,-0.00618181818181818,2.60308204914619e-07,1.23915310769273e-06,0.0105555555555556,-0.00618181818181818,3.21368154215579e-07,2.20293885812041e-06,0,0,6.105994930096e-08,9.6378575042768e-07,0,0,23.4567900333452,77.777777715011
192,1e-15,0.949494949494949,NA,14.4653914863297,1e-15,0.949494949494949,3.36141793536431e-05,51.6110881425839,0,0,NA,37.1456966562542,0,0,NA,256.790123456791
193,0.00681818181818255,7.68080808080808e-05,1.34456717414565e-06,5.50581743288696e-09,0.00681818181818255,7.68080808080808e-05,1.65995947425389e-06,7.03578938493684e-09,0,0,3.1539230010824e-07,1.52997195204988e-09,0,0,23.4567901060113,27.7882747260818
194,0.0026262626262635,0.000910638484848485,NA,2.04094538885316e-08,0.0026262626262635,0.000910638484848485,2.71967760261752e-06,2.26143533390932e-08,0,0,NA,2.2048994505616e-09,0,0,NA,10.8033235703937
197,1e-15,0.00366618945454545,NA,4.81221742072895e-07,1e-15,0.00366618945454545,1.30140822781502e-05,6.28534520258475e-07,0,0,NA,1.4731277818558e-07,0,0,NA,30.6122448343456
198,0.0205050505050512,0.00744418092929293,6.29881582262517e-05,4.3858214677629e-06,0.0205050505050512,0.00744418092929293,6.88444952514197e-05,6.9978758045192e-06,0,0,5.85633702516801e-06,2.6120543367563e-06,0,0,9.29752066100938,59.5567866900218
209,1e-15,0.00954545454545454,NA,1.91891315223765e-07,1e-15,0.00954545454545454,2.39034164287799e-12,2.15130747863322e-07,0,0,NA,2.3239432639557e-08,0,0,NA,12.1107265804866
212,1e-15,0.12959595959596,NA,0.00160346507749105,1e-15,0.12959595959596,0.00130140822781513,0.00245791925710646,0,0,NA,0.00085445417961541,0,0,NA,53.2879818593771
214,0.136363636363637,0.0525245151515152,0.00121011045673118,0.000774478437034242,0.136363636363637,0.0525245151515152,0.00149396352682862,0.00122811669850697,0,0,0.00028385307009744,0.000453638261472728,0,0,23.4567901234376,58.5733882029417
215,1e-15,0.111818181818182,NA,0.000698959799807931,1e-15,0.111818181818182,0.00112213260459571,0.00102423749057727,0,0,NA,0.000325277690769339,0,0,NA,46.5373961218167
220,0.257575757575758,0.0370490581818182,0.00406731570179091,0.000745274931894343,0.257575757575758,0.0370490581818182,0.00484044182692472,0.00152096924876397,0,0,0.000773126125133809,0.000775694316869627,0,0,19.0082644628052,104.081632652922
221,0.141414141414142,-0.0182630163636364,0.00321368154215578,0.00072957443500818,0.141414141414142,-0.0182630163636364,0.0106237406352257,0.00261919243149751,0,0,0.00741005909306992,0.00188961799648933,0,0,230.578512396622,259.002770082747
222,1e-15,0.0313112041919192,NA,5.28819255361943e-05,1e-15,0.0313112041919192,0.000988273472591856,7.61499727721198e-05,0,0,NA,2.32680472359255e-05,0,0,NA,43.999999999168
223,1e-15,0.0113641126666667,NA,7.04140025941362e-06,1e-15,0.0113641126666667,0.000271967760261774,9.19693095107085e-06,0,0,NA,2.15553069165723e-06,0,0,NA,30.6122448936117
224,0.260606060606061,-0.0282424242424242,0.000537826869658304,3.65437820712138e-05,0.260606060606061,-0.0282424242424242,0.000774470692307958,7.28346659966061e-05,0,0,0.000236643822649654,3.62908839253923e-05,0,0,43.9999999999183,99.3079584747913
225,0.00454545454545536,6.51818181818182e-05,5.97585410731401e-07,2.47230406752008e-10,0.00454545454545536,6.51818181818182e-05,5.97585410731401e-07,2.47230406752008e-10,0,0,0,0,0,0,0,0
226,0.00545454545454609,0.000384848484848485,7.90306705692235e-07,3.16122682276936e-10,0.00545454545454609,0.000384848484848485,8.6052299145317e-07,3.44209196581314e-10,0,0,7.0216285760935e-08,2.8086514304378e-11,0,0,8.88468807949506,8.884659985636
244,0.0056056057,0.0165665665665666,5.17332953465021e-05,0.000287516219255624,0.0056056057,0.0165665665665666,5.17332953465021e-05,0.000287516219255624,0,0,0,0,0,0,0,0
245,0.0034034035,0.0012012012012012,5.68125928709743e-06,5.45065148876219e-07,0.0034034035,0.0012012012012012,5.68125928709743e-06,5.45065148876219e-07,0,0,0,0,0,0,0,0
246,1e-10,0.00245245245245245,1.27725005872763e-06,22768266.6354432,1e-10,0.00245245245245245,1.27725005872763e-06,22768266.6354432,0,0,0,0,0,0,0,0
248,1e-15,0.0611111111111111,NA,2.37181649519312e-05,1e-15,0.0611111111111111,2.71967760261235e-08,2.9281685125841e-05,0,0,NA,5.5635201739098e-06,0,0,NA,23.4567901224679
249,1e-15,0.0124365546666667,NA,6.44329779940645e-06,1e-15,0.0124365546666667,0.000280533151148928,9.27834883114528e-06,0,0,NA,2.83505103173883e-06,0,0,NA,43.999999993171
250,1e-10,0.0001001001001001,1.12592105064336e-09,1128.17669405661,1e-10,0.0001001001001001,1.12592105064336e-09,1128.17669405661,0,0,0,0,0,0,0,0
251,0.0436363636363645,0.00828282828282827,0.000185108056828172,0.00182086664991515,0.0436363636363645,0.00828282828282827,0.000258539352098852,0.00310362224511001,0,0,7.343129527068e-05,0.00128275559519486,0,0,39.6694214873891,70.4475308641591
252,0.0580808080808088,0.434909090909091,0.000219529640470093,0.00596390837495396,0.0580808080808088,0.434909090909091,0.000239034164292577,0.00766030897938531,0,0,1.9504523822484e-05,0.00169640060443135,0,0,8.88468809069648,28.4444444444397
255,1e-15,0.00302020202020202,NA,1.59422507907356e-08,1e-15,0.00302020202020202,2.15130747863278e-07,1.59422507907357e-08,0,0,NA,1.02570395956575e-22,0,0,NA,6.43387128135697e-13
256,0.581818181818182,-0.000131313131313131,0.00203345035596118,4.69808370241271e-09,0.581818181818182,-0.000131313131313131,0.00239698148082281,6.29881582262534e-09,0,0,0.00036353112486163,1.60073212021263e-09,0,0,17.8775510203993,34.0720149083428
257,0.0606060606060615,0.000335770646464647,0.00130140822781515,1.13916337080943e-08,0.0606060606060615,0.000335770646464647,0.00169979850163611,1.13916337080943e-08,0,0,0.00039839027382096,0,0,0,30.6122448979353,0
258,0.0482828282828283,-0.00112969696969697,6.0077678241827e-05,8.85157560272411e-08,0.0482828282828283,-0.00112969696969697,0.000104544407044628,1.82218635753621e-07,0,0,4.4466728802801e-05,9.37028797263799e-08,0,0,74.0153915786686,105.860112225603
259,0.242424242424243,0.0138585858585859,0.00484044182692472,0.000126684282528438,0.242424242424243,0.0138585858585859,0.00597585410731447,0.000258539352098854,0,0,0.00113541228038975,0.000131855069570416,0,0,23.456790123452,104.08163265224
260,1e-15,0.00149905454545455,NA,8.13920316453027e-07,1e-15,0.00149905454545455,0.000208225316450423,1.6610618703123e-06,0,0,NA,8.47141553859273e-07,0,0,NA,104.081632525184
261,1e-15,0.000464242424242424,NA,2.41416952455913e-07,1e-15,0.000464242424242424,0.000106237406352256,4.92687658073292e-07,0,0,NA,2.51270705617379e-07,0,0,NA,104.081632221933
265,0.00131313131313218,0.000164166262626263,NA,1.35381255898633e-09,0.00131313131313218,0.000164166262626263,1.9361767307695e-06,1.73001378048158e-09,0,0,NA,3.7620122149525e-10,0,0,NA,27.7882592472283
266,0.0582828282828283,-0.000828567606060606,3.25352056953789e-06,2.51021681780373e-09,0.0582828282828283,-0.000828567606060606,4.24949625409031e-06,4.46260767609551e-09,0,0,9.9597568455242e-07,1.95239085829178e-09,0,0,30.6122448885504,77.7777467933037
267,1e-15,5.06169696969697e-05,NA,1.18787980818284e-10,1e-15,5.06169696969697e-05,2.92816851258293e-07,1.58149678604224e-10,0,0,NA,3.936169778594e-11,0,0,NA,33.1358157253265
268,0.0119090909090909,-0.00012,5.1685162174163e-07,1.70003753580041e-10,0.0119090909090909,-0.00012,6.21727861324999e-07,2.34277384423157e-10,0,0,1.04876239583369e-07,6.4273630843116e-11,0,0,20.2913631241119,37.8069609758617
276,1e-15,0.0225252525252525,NA,2.76323493922222e-05,1e-15,0.0225252525252525,1.3014082278151e-05,3.82454662868127e-05,0,0,NA,1.06131168945905e-05,0,0,NA,38.4083044968798
277,1e-15,0.0351717171717172,NA,6.73137204632919e-05,1e-15,0.0351717171717172,2.15130747863307e-05,0.000105177688223894,0,0,NA,3.78639677606021e-05,0,0,NA,56.249999999165
278,1e-15,0.20530303030303,NA,0.00530275780408301,1e-15,0.20530303030303,0.139602591784763,0.00942712498503646,0,0,NA,0.00412436718095345,0,0,NA,77.7777777777631
279,0.0381818181818182,-0.00206060606060606,1.87402784805382e-05,2.44770984235601e-07,0.0381818181818182,-0.00206060606060606,2.47840182905118e-05,3.82454662868127e-07,0,0,6.0437398099736e-06,1.37683678632526e-07,0,0,32.2499999982793,56.2499997701935
280,0.0363636363636371,0.00090483402020202,4.31755459253466e-05,6.67440327830203e-07,0.0363636363636371,0.00090483402020202,4.84044182692467e-05,8.37237147230207e-07,0,0,5.2288723439001e-06,1.69796819400004e-07,0,0,12.1107266433181,25.4399999618843
281,0.0159090909090917,0.010738588040404,NA,2.13822197322035e-06,0.0159090909090917,0.010738588040404,0.000100991934413612,2.43282144508626e-06,0,0,NA,2.9459947186591e-07,0,0,NA,13.777777771334
282,2.07575757575758,-0.0477777777777778,0.0468506962013455,0.000443201875804138,2.07575757575758,-0.0477777777777778,0.0611927460589003,0.000862913333096212,0,0,0.0143420498575548,0.000419711457292074,0,0,30.6122448979587,94.6998377499214
